{"max_filter": 928, "min_filter": 867, "n_filter": 5, "min": 0.18900982903024852, "max": 1.0, "mean": 0.18900982903024852}